headline,url,source,published_at,sentiment_score,sentiment_label,source_type,latitude,longitude,country
Israel’s Netanyahu vows response to Iran after Houthi attack on airport,https://www.aljazeera.com/news/2025/5/4/missile-launched-from-yemen-hits-israels-ben-gurion-airport-in-tel-aviv,,,-0.23835,negative,,32.4279,53.688,Iran
"Israeli forces kill 24 in Gaza, attack rescuers as siege reaches 64 days",https://www.aljazeera.com/news/liveblog/2025/5/5/live-israeli-forces-kill-24-in-gaza-attack-rescuers-as-siege-continues,,,-0.41125,negative,,31.0461,34.8516,Israel
Trump says he will put 100% tariff on all foreign films,https://www.aljazeera.com/news/2025/5/5/trump-says-he-will-put-100-tariff-on-all-foreign-films,,,0.0,neutral,,,,
Putin expresses ‘hope’ that nuclear weapons will not be needed in Ukraine,https://www.aljazeera.com/news/2025/5/4/putin-expresses-hope-that-nuclear-weapons-will-not-be-needed-in-ukraine,,,-0.2202,negative,,,,
"Updates: Israel kills 40, ‘world complicit’ in starvation of Gaza children",https://www.aljazeera.com/news/liveblog/2025/5/4/live-israel-blocks-aid-piling-up-at-gazas-border-as-57-die-of-hunger,,,-0.77115,negative,,31.0461,34.8516,Israel
"The woman braving tigers, crocodiles and pirates in Bangladesh’s mangroves",https://www.aljazeera.com/features/longform/2025/5/4/the-woman-braving-tigers-crocodiles-and-pirates-in-bangladeshs-mangroves,,,0.0,neutral,,21.5126,55.9233,Oman
Trump faces backlash after posting AI image dressed as pope,https://www.aljazeera.com/news/2025/5/4/trump-faces-backlash-after-posting-ai-image-dressed-as-pope,,,-0.5,negative,,,,
Israel calling up tens of thousands of reservists to expand war on Gaza,https://www.aljazeera.com/news/2025/5/4/israel-calls-up-thousands-of-reservists-to-expand-war-on-gaza,,,-0.6909,negative,,31.0461,34.8516,Israel
Are Yemen’s non-Houthi groups seeking US support to attack the Houthis?,https://www.aljazeera.com/features/2025/5/4/are-the-houthis-opponents-in-yemen-seeking-us-support,,,-0.05135,neutral,,15.5527,48.5164,Yemen
Trump says ‘I don’t know’ when asked if he backs US due process rights,https://www.aljazeera.com/news/2025/5/4/trump-says-i-dont-know-when-asked-if-he-backs-us-due-process-rights,,,-0.0258,neutral,,,,
"Turkey can be counterbalance to Iranian, Russian influence with US support",https://www.jpost.com/opinion/article-852619,The Jerusalem Post,2025-05-04T23:31:18Z,0.4019,positive,NewsAPI,32.4279,53.688,Iran
Lesser spotted leopards in peril,https://www.bangkokpost.com/opinion/opinion/3017647/lesser-spotted-leopards-in-peril,Bangkok Post,2025-05-04T21:00:00Z,-0.4019,negative,NewsAPI,,,
Israel renews airstrikes in Syria as sectarian violence flares,https://www.longwarjournal.org/archives/2025/05/israel-renews-airstrikes-in-syria-as-sectarian-violence-flares.php,Longwarjournal.org,2025-05-04T20:46:07Z,-0.6249,negative,NewsAPI,34.8021,38.9968,Syria
Why I Wrote an Expert Report Against the UK Classing Hamas as a Terror Group,https://www.antiwar.com/blog/2025/05/04/why-i-wrote-an-expert-report-against-the-uk-classing-hamas-as-a-terror-group/,Antiwar.com,2025-05-04T20:15:55Z,-0.5267,negative,NewsAPI,,,
"Houthi drones drain billions from West as Red Sea chaos escalates, experts say",https://www.jpost.com/middle-east/article-852625,The Jerusalem Post,2025-05-04T18:41:59Z,-0.5719,negative,NewsAPI,,,
Lufthansa suspends Tel Aviv flights to May 6 after airport attack,https://www.thelocal.de/20250504/lufthansa-suspends-tel-aviv-flights-to-may-6-after-airport-attack,The Local Germany,2025-05-04T18:02:52Z,-0.4767,negative,NewsAPI,,,
Read the full transcript: President Donald Trump interviewed by 'Meet the Press' moderator Kristen Welker,https://www.nbcnews.com/politics/trump-administration/read-full-transcript-president-donald-trump-interviewed-meet-press-mod-rcna203514,NBC News,2025-05-04T16:00:40Z,0.0,neutral,NewsAPI,,,
Why is it so hard to stop the Houthis in the Middle East? – analysis,https://www.jpost.com/middle-east/article-852579,The Jerusalem Post,2025-05-04T13:24:03Z,-0.5155,negative,NewsAPI,,,
The fine line between truth and misinformation: What to know before you hit ‘share’,https://www.jpost.com/business-and-innovation/all-news/article-852558,The Jerusalem Post,2025-05-04T11:31:15Z,0.2023,positive,NewsAPI,,,
Reclaiming our peoplehood: How to prepare Jewish youth for the future,https://www.jpost.com/opinion/article-852543,The Jerusalem Post,2025-05-04T10:25:09Z,0.0,neutral,NewsAPI,,,
How South Korea Can Grow as a Nonconfrontational Powerhouse,https://nationalinterest.org/blog/korea-watch/how-south-korea-can-grow-as-a-nonconfrontational-powerhouse,The National Interest ,2025-05-04T09:13:00Z,0.0,neutral,NewsAPI,,,
Israeli airport hit by Houthi missile: Live Updates,https://www.rt.com/news/616721-israel-houthi-missile-airport/,RT,2025-05-04T08:59:55Z,0.0,neutral,NewsAPI,31.0461,34.8516,Israel
Valtonen: Timing crucial in recognition of Palestine,https://yle.fi/a/74-20159569,YLE News,2025-05-04T08:53:04Z,0.0,neutral,NewsAPI,31.9522,35.2332,Palestine
IDF Preparing to Mobilize Tens of Thousands of Reservists in Next 48 Hours - Reports,https://sputnikglobe.com/20250504/idf-preparing-to-mobilize-tens-of-thousands-of-reservists-in-next-48-hours---reports-1121975586.html,Sputnikglobe.com,2025-05-04T04:41:34Z,0.0,neutral,NewsAPI,,,
Zelensky claims Trump ‘sees things differently’ after Vatican meeting,https://www.rt.com/russia/616715-zelensky-reflecting-trump-meeting/,RT,2025-05-04T03:40:46Z,0.0,neutral,NewsAPI,,,
Alexandria Ocasio-Cortez Heckled at New York City Event,https://www.newsweek.com/alexandria-ocasio-cortez-heckled-new-york-city-event-2067705,Newsweek,2025-05-03T20:26:28Z,0.0,neutral,NewsAPI,,,
Houthis maintain pressure on Israel as US launches more strikes on Yemen,https://www.aljazeera.com/news/2025/5/3/houthis-maintain-pressure-on-israel-as-us-launches-more-strikes-on-yemen,Al Jazeera English,2025-05-03T19:40:14Z,-0.6115,negative,NewsAPI,31.0461,34.8516,Israel
"Yemen appoints new prime minister after cabinet resigned, council says",https://www.jpost.com/breaking-news/article-852483,The Jerusalem Post,2025-05-03T18:23:37Z,-0.25,negative,NewsAPI,15.5527,48.5164,Yemen
Pentagon Salivates Over ‘Expensive’ Weapons While China Races Into Future With Iron Grip Over Cheap Drone Tech,https://dailycaller.com/2025/05/03/pentagon-expensive-weapons-china-iron-grip-drone-tech/,The Daily Caller,2025-05-03T14:34:18Z,-0.4404,negative,NewsAPI,,,
FO° Podcasts: Iran’s Axis of Resistance Is Now in Shambles. What Next?,https://www.fairobserver.com/podcasts/fo-podcasts-irans-axis-of-resistance-is-now-in-shambles-what-next/,Fair Observer,2025-05-03T14:00:34Z,0.0,neutral,NewsAPI,32.4279,53.688,Iran
"Truth, Myth or Both? Getting History Right in Battle of Britain",https://www.steynonline.com/15260/truth-myth-or-both-getting-history-right-in,Steynonline.com,2025-05-03T14:00:00Z,-0.0772,neutral,NewsAPI,,,
So North Koreans fought for Russia. What does that change?,https://www.rt.com/news/616690-north-koreans-russia-kursk/,RT,2025-05-03T13:30:53Z,-0.3744,negative,NewsAPI,,,
"The Middle East 2025: The Good, the Bad and the Tragically Ugly",https://www.fairobserver.com/world-news/middle-east-news/the-middle-east-2025-the-good-the-bad-and-the-tragically-ugly/,Fair Observer,2025-05-03T13:23:14Z,-0.8225,negative,NewsAPI,,,
The Fifth Floor: Education against the odds,https://www.bbc.co.uk/programmes/p0l7p72c,BBC News,2025-05-03T12:30:00Z,0.0,neutral,NewsAPI,,,
Houthis show persistence amid ongoing US strikes,https://www.jpost.com/middle-east/article-852448,The Jerusalem Post,2025-05-03T09:06:30Z,-0.3612,negative,NewsAPI,,,
Lawfare Archive: Greg Johnsen and Scott Anderson on the Fight Against the Houthis,https://shows.acast.com/lawfare/episodes/lawfare-archive-greg-johnsen-and-scott-anderson-on-the-fight,Acast.com,2025-05-03T09:00:00Z,-0.3818,negative,NewsAPI,,,
"EU President Should Be Tried for Complicity in Israel’s War Crimes, Says Top UN Expert on Palestine",https://theintercept.com/2025/05/03/eu-israel-palestine-war-crimes-accountability/,The Intercept,2025-05-03T08:00:00Z,-0.4767,negative,NewsAPI,31.0461,34.8516,Israel
Checkout: A Mossad spy parody movie worth watching,https://www.jpost.com/israel-news/culture/article-852289,The Jerusalem Post,2025-05-03T02:43:38Z,0.2263,positive,NewsAPI,,,
Silent Genocide: Ethnic Cleansing Taking Place Right Now in Syria,https://www.globalresearch.ca/silent-genocide-ethnic-cleansing-taking-place-right-now-in-syria/5885863,Globalresearch.ca,2025-05-03T00:15:46Z,0.0,neutral,NewsAPI,34.8021,38.9968,Syria
How crypto has increased the Trump family's net worth,https://www.cbsnews.com/news/trump-family-net-worth-crypto-investments/,CBS News,2025-05-02T23:41:20Z,0.4588,positive,NewsAPI,,,
Illinois man sentenced to 53 years for hate-crime murder of 6-year-old Muslim boy,https://www.israelnationalnews.com/news/407769,Israelnationalnews.com,2025-05-02T22:16:22Z,-0.7003,negative,NewsAPI,,,
"'Hamas can be defeated in few weeks,' former Israeli Ground Forces Commander says",https://www.jpost.com/israel-news/article-852418,The Jerusalem Post,2025-05-02T21:16:42Z,-0.4767,negative,NewsAPI,31.0461,34.8516,Israel
Shari Redstone’s Impossible Choice: She Can’t Save Both ‘60 Minutes’ and Paramount Global,https://variety.com/2025/tv/news/shari-redstone-impossible-choice-60-minutes-paramount-1236384851/,Variety,2025-05-02T20:54:42Z,0.4939,positive,NewsAPI,,,
Daily Press Briefing by the Office of the Spokesperson for the Secretary-General,https://press.un.org/en/2025/db250502.doc.htm,UN News,2025-05-02T20:15:17Z,0.0,neutral,NewsAPI,,,
'Not happy': Marjorie Taylor Greene hits GOP leaders with list of furious complaints,https://www.rawstory.com/marjorie-taylor-greene-2671883273/,Raw Story,2025-05-02T19:36:43Z,-0.7506,negative,NewsAPI,,,
Foreign Aid Cuts Anywhere Threaten Security And Prosperity Everywhere,https://www.forbes.com/sites/unicefusa/2025/05/02/foreign-aid-cuts-anywhere-threaten-security-and-prosperity-everywhere/,Forbes,2025-05-02T19:34:06Z,-0.34,negative,NewsAPI,,,
A Middle Eastern Firm Is Making a $2 Billion Investment Using Trump’s Crypto,https://gizmodo.com/a-middle-eastern-firm-is-making-a-2-billion-investment-using-trumps-crypto-2000597454,Gizmodo.com,2025-05-02T18:55:30Z,0.0,neutral,NewsAPI,,,
John Lithgow on JK Rowling's trans stance backlash,https://news.sky.com/story/john-lithgow-on-jk-rowlings-trans-stance-backlash-shes-handled-it-fairly-gracefully-13360057,Sky.com,2025-05-02T17:00:00Z,0.3885,positive,NewsAPI,,,
"With Trump back in office, more nations expected to join Abraham Accords",https://www.wnd.com/2025/05/with-trump-back-in-office-more-nations-expected-to-join-abraham-accords/,Wnd.com,2025-05-02T16:59:51Z,0.296,positive,NewsAPI,,,
Trump's Middle East Business Surge Prompts Conflict of Interest Attacks,https://biztoc.com/x/8e8542292378dc56,Biztoc.com,2025-05-02T15:55:49Z,-0.296,negative,NewsAPI,,,
Trump's Middle East Business Surge Prompts Conflict of Interest Attacks,https://www.newsweek.com/trump-uae-business-crypto-conflict-interest-gulf-middle-east-2067322,Newsweek,2025-05-02T15:45:42Z,-0.296,negative,NewsAPI,,,
Who will be pope? Meet some possible contenders,https://www.pbs.org/newshour/world/who-will-be-pope-meet-some-possible-contenders,PBS,2025-05-02T14:45:36Z,0.0,neutral,NewsAPI,,,
MAGA + MIGA = MEGA: Dynamics of PM Modi’s Visit to the US,https://www.fairobserver.com/politics/maga-miga-mega-dynamics-of-pm-modis-visit-to-the-us/,Fair Observer,2025-05-02T14:40:27Z,0.2732,positive,NewsAPI,,,
The Trump Administration Is Hiding American Casualties of War,https://theintercept.com/2025/05/02/trump-yemen-war-us-casualties-death-toll/,The Intercept,2025-05-02T14:39:49Z,-0.7269,negative,NewsAPI,,,
The Last (Michael) Waltz,https://www.thenation.com/article/politics/michael-waltz-demotion-trump/,Thenation.com,2025-05-02T14:25:20Z,0.0,neutral,NewsAPI,,,
"US Travel Warnings for Middle East, Asia Amid Iran Tensions",https://www.newsweek.com/middle-east-asia-iran-nuclear-talks-donald-trump-travel-warnings-2067229,Newsweek,2025-05-02T14:18:35Z,-0.5994,negative,NewsAPI,32.4279,53.688,Iran
The case for chaos: Why Israel must avoid another Gaza containment policy,https://www.jpost.com/opinion/article-852296,The Jerusalem Post,2025-05-02T13:56:55Z,-0.7096,negative,NewsAPI,31.0461,34.8516,Israel
List of National Security Adviser Options as Marco Rubio Fills In,https://www.newsweek.com/who-national-security-adviser-mike-waltz-marco-rubio-2067166,Newsweek,2025-05-02T11:44:26Z,0.34,positive,NewsAPI,,,
CAM: Failure to address antisemitism endangering Jewish life globally,https://www.israelnationalnews.com/news/407746,Israelnationalnews.com,2025-05-02T11:01:33Z,-0.5106,negative,NewsAPI,,,
Links 5/2/2025,https://www.nakedcapitalism.com/2025/05/links-5-2-2025.html,Nakedcapitalism.com,2025-05-02T10:55:50Z,0.0,neutral,NewsAPI,,,
Hawaii Marines field new weapons in the Philippines | Honolulu Star-Advertiser,https://www.staradvertiser.com/2025/05/02/hawaii-news/isle-marines-field-new-weapons-in-the-philippines/,Honolulu Star-Advertiser,2025-05-02T10:11:09Z,-0.4404,negative,NewsAPI,,,
Radware Launches New Cloud Security Service Centers in India and Kenya,https://www.globenewswire.com/news-release/2025/05/02/3073134/8980/en/Radware-Launches-New-Cloud-Security-Service-Centers-in-India-and-Kenya.html,GlobeNewswire,2025-05-02T10:00:00Z,0.34,positive,NewsAPI,,,
"Global Press Freedom at 'all-time low' in 2025, RSF says",https://www.dw.com/en/global-press-freedom-at-all-time-low-in-2025-rsf-says/a-72411797,DW (English),2025-05-02T08:00:00Z,0.4767,positive,NewsAPI,,,
Shell plc First Quarter 2025 Interim Dividend,https://financialpost.com/globe-newswire/shell-plc-first-quarter-2025-interim-dividend,Financial Post,2025-05-02T06:06:24Z,0.0,neutral,NewsAPI,,,
Shell announces commencement of a share buyback programme,https://financialpost.com/globe-newswire/shell-announces-commencement-of-a-share-buyback-programme-13,Financial Post,2025-05-02T06:06:10Z,0.296,positive,NewsAPI,,,
Shell announces commencement of a share buyback programme,https://www.globenewswire.com/news-release/2025/05/02/3073022/0/en/Shell-announces-commencement-of-a-share-buyback-programme.html,GlobeNewswire,2025-05-02T06:03:00Z,0.296,positive,NewsAPI,,,
Shell plc First Quarter 2025 Interim Dividend,https://www.globenewswire.com/news-release/2025/05/02/3073021/0/en/Shell-plc-First-Quarter-2025-Interim-Dividend.html,GlobeNewswire,2025-05-02T06:02:00Z,0.0,neutral,NewsAPI,,,
Shell plc publishes first quarter 2025 press release,https://financialpost.com/globe-newswire/shell-plc-publishes-first-quarter-2025-press-release,Financial Post,2025-05-02T06:01:22Z,0.0,neutral,NewsAPI,,,
Shell plc publishes first quarter 2025 press release,https://www.globenewswire.com/news-release/2025/05/02/3073020/0/en/Shell-plc-publishes-first-quarter-2025-press-release.html,GlobeNewswire,2025-05-02T06:01:00Z,0.0,neutral,NewsAPI,,,
"Fishtown, Philadelphia Is Still America’s Hottest New Neighborhood",https://www.forbes.com/sites/petertaylor/2025/05/02/fishtown-philadelphia-is-still-americas-hottest-new-neighborhood/,Forbes,2025-05-02T04:00:45Z,0.0,neutral,NewsAPI,,,
Irish Travel Retailer ARI In Expansionist Mode As It Tops $1.6 Billion,https://www.forbes.com/sites/kevinrozario/2025/05/01/irish-travel-retailer-ari-in-expansionist-mode-as-it-tops-16-billion/,Forbes,2025-05-02T03:58:40Z,0.5106,positive,NewsAPI,,,
Why Melbourne’s inner north has Labor worried,https://www.abc.net.au/news/2025-05-02/wills-brunswick-coburg-fawkner-federal-election-2025/105241410,ABC News (AU),2025-05-02T03:03:48Z,-0.296,negative,NewsAPI,,,
"Tranche of 800+ Audio Tapes, Including Conversations with Nazis, Digitized and Available for Research at Hoover",https://www.hoover.org/press/tranche-800-audio-tapes-including-conversations-nazis-digitized-and-available-research-hoover,Hoover.org,2025-05-02T00:00:00Z,0.0,neutral,NewsAPI,,,
What Washington Can Do About India-Pakistan Escalation,http://foreignpolicy.com/2025/05/01/india-pakistan-military-strike-border-trump-pentagon-f16/,Foreign Policy,2025-05-01T22:58:57Z,0.0,neutral,NewsAPI,,,
Donald Trump is looming over Australia's election,https://www.bbc.com/news/articles/c9w80ndlp2yo,BBC News,2025-05-01T22:45:47Z,-0.128,neutral,NewsAPI,,,
"With Trump Back in Office, More Countries Are Expected to Join Abraham Accords",https://www.dailysignal.com/2025/05/01/trump-back-office-more-countries-are-expected-join-abraham-accords/,Daily Signal,2025-05-01T22:31:26Z,0.296,positive,NewsAPI,,,
U.S. ambassador-designate to Vatican clears Senate Foreign Relations Committee,https://www.catholicnewsagency.com/news/263809/us-ambassador-designate-to-vatican-clears-senate-foreign-relations-committee,Catholicnewsagency.com,2025-05-01T22:23:00Z,0.0772,neutral,NewsAPI,,,
Trump announces sweeping sanctions against Iran,https://www.rt.com/news/616646-trump-announce-sanctions-iran/,RT,2025-05-01T20:52:47Z,0.0,neutral,NewsAPI,32.4279,53.688,Iran
Press Conference by Security Council President on Programme of Work for May,https://press.un.org/en/2025/250501_sc.doc.htm,UN News,2025-05-01T20:52:02Z,0.34,positive,NewsAPI,,,
Trump’s Open Corruption Hits Next Level With $2 Billion Crypto Scheme,https://newrepublic.com/post/194722/trump-corruption-2-billion-crypto-deal-uae,The New Republic,2025-05-01T19:40:13Z,0.0,neutral,NewsAPI,,,
"Israel's worst enemy: Not Hamas, not Hezbollah; experts say it's climate change",https://www.jpost.com/environment-and-climate-change/article-852062,The Jerusalem Post,2025-05-01T18:54:49Z,-0.8225,negative,NewsAPI,31.0461,34.8516,Israel
Conflict of Interest? No Problem. Trump Family Will Collect Hundreds of Millions,https://dianeravitch.net/2025/05/01/conflict-of-interest-i-problem-trumps-family-will-collect-many-millions/,Dianeravitch.net,2025-05-01T18:00:00Z,-0.4939,negative,NewsAPI,,,
"77 years later, saving the country is still the central mission",https://www.jpost.com/opinion/article-852293,The Jerusalem Post,2025-05-01T17:43:55Z,0.0,neutral,NewsAPI,,,
Hamas Says Arson 'Legitimate' Method of War as Israel Faces Worst Fires,https://www.newsweek.com/hamas-says-arson-legitimate-method-war-israel-faces-worst-fires-2066860,Newsweek,2025-05-01T17:42:33Z,-0.8402,negative,NewsAPI,31.0461,34.8516,Israel
Next US national security advisor? Here's who Trump might pick to replace Waltz,https://www.foxnews.com/politics/next-us-national-security-advisor-heres-who-trump-might-pick-replace-waltz,Fox News,2025-05-01T17:34:51Z,0.34,positive,NewsAPI,,,
Prince Reza Pahlavi and Iranian Opposition reject nuclear deal legitimacy,https://www.israelnationalnews.com/news/407706,Israelnationalnews.com,2025-05-01T17:27:27Z,-0.4019,negative,NewsAPI,32.4279,53.688,Iran
"Africa Needs Partners, Not Donors",https://www.jpost.com/israel-news/article-852170,The Jerusalem Post,2025-05-01T17:00:00Z,0.0,neutral,NewsAPI,,,
Next round of Iran-US nuclear talks postponed,https://www.bbc.com/news/articles/cze1zpnl1eeo,BBC News,2025-05-01T16:53:29Z,-0.2023,negative,NewsAPI,32.4279,53.688,Iran
McDonald’s U.S. sales miss highlights rising consumer anxiety,https://financialpost.com/news/retail-marketing/mcdonalds-sales-rising-consumer-anxiety,Financial Post,2025-05-01T16:50:12Z,-0.3182,negative,NewsAPI,,,
"Georgetown refuses to cut ties with Israel, stands up to pressure from students",https://www.foxnews.com/us/georgetown-refuses-cut-ties-israel-stands-up-pressure-from-students,Fox News,2025-05-01T16:04:52Z,-0.5106,negative,NewsAPI,31.0461,34.8516,Israel
Michael Waltz Is Leaving The Trump Administration Following War Plan Group Text Fiasco,https://www.huffpost.com/entry/mike-waltz-leaving-trump-administration_n_67e273d3e4b07be5218736cd,HuffPost,2025-05-01T15:09:17Z,-0.802,negative,NewsAPI,,,
Revolving Door Roundup: Steve Doocy Is Florida-Bound for New Fox & Friends Role,https://www.adweek.com/tvnewser/steve-doocy-fox-and-friends-florida/,Adweek,2025-05-01T14:35:12Z,0.4767,positive,NewsAPI,,,
The Great Betrayal – Q and A with Fawaz Gerges on the struggle for political change in the Middle East,https://blogs.lse.ac.uk/lsereviewofbooks/2025/05/01/interview-with-fawaz-gerges-on-the-great-betrayal-the-struggle-for-freedom-and-democracy-in-the-middle-east/,Lse.ac.uk,2025-05-01T14:20:15Z,-0.25,negative,NewsAPI,,,
"Sex-disaggregated data along the gendered health pathways: A review and analysis of global data on hypertension, diabetes, HIV, and AIDS",https://journals.plos.org/plosmedicine/article?id=10.1371/journal.pmed.1004592,Plos.org,2025-05-01T14:00:00Z,0.0,neutral,NewsAPI,,,
"US-Ukraine Minerals Deal: Has Trump Agreed to Continue Military Support? Even if Not, Will He Fall for an Endowment Effect Trap/",https://www.nakedcapitalism.com/2025/05/us-ukraine-minerals-deal-has-trump-agreed-to-continue-military-support-even-if-not-will-he-fall-for-an-endowment-effect-trap.html,Nakedcapitalism.com,2025-05-01T13:55:24Z,0.5859,positive,NewsAPI,,,
"Dear Mr. President, We Say No",http://www.rollingstone.com/politics/political-commentary/trump-protest-we-say-no-1235327936/,Rolling Stone,2025-05-01T13:30:00Z,0.1027,neutral,NewsAPI,,,
Repare Therapeutics Announces Out-Licensing of its Discovery Platforms to DCx Biotherapeutics,https://financialpost.com/pmn/business-wire-news-releases-pmn/repare-therapeutics-announces-out-licensing-of-its-discovery-platforms-to-dcx-biotherapeutics,Financial Post,2025-05-01T11:10:49Z,0.0,neutral,NewsAPI,,,
McDonald's global sales post surprise drop as tariff chaos hurts consumer confidence,https://finance.yahoo.com/news/mcdonalds-global-sales-post-surprise-110431310.html,Yahoo Entertainment,2025-05-01T11:04:31Z,-0.5423,negative,NewsAPI,,,
Who are the cardinals who will choose the next pope?,https://www.catholicnewsagency.com/news/263773/who-are-the-cardinals-who-will-choose-the-next-pope,Catholicnewsagency.com,2025-05-01T11:00:00Z,0.0,neutral,NewsAPI,,,
Scorpio Tankers Inc. Announces Financial Results for the First Quarter of 2025 and the Declaration of a Dividend,https://www.globenewswire.com/news-release/2025/05/01/3072199/0/en/Scorpio-Tankers-Inc-Announces-Financial-Results-for-the-First-Quarter-of-2025-and-the-Declaration-of-a-Dividend.html,GlobeNewswire,2025-05-01T10:45:00Z,0.0,neutral,NewsAPI,,,
Chart Industries Reports First Quarter 2025 Financial Results,https://www.globenewswire.com/news-release/2025/05/01/3072191/9318/en/Chart-Industries-Reports-First-Quarter-2025-Financial-Results.html,GlobeNewswire,2025-05-01T10:30:00Z,0.0,neutral,NewsAPI,,,
'Don't invade personal space' - New rules in bid to avoid repeat of Eurovision controversies,https://www.thejournal.ie/eurovision-rules-ebu-basel-6692600-May2025/,TheJournal.ie,2025-05-01T10:24:59Z,-0.296,negative,NewsAPI,,,
Radware Lands Largest Cloud Security Services Agreement to Date,https://www.globenewswire.com/news-release/2025/05/01/3072166/8980/en/Radware-Lands-Largest-Cloud-Security-Services-Agreement-to-Date.html,GlobeNewswire,2025-05-01T10:00:00Z,0.6808,positive,NewsAPI,,,
"Political risk tops companies’ ERM risk registers, according to latest Willis Political Risk Survey",https://www.globenewswire.com/news-release/2025/05/01/3072151/0/en/Political-risk-tops-companies-ERM-risk-registers-according-to-latest-Willis-Political-Risk-Survey.html,GlobeNewswire,2025-05-01T09:15:00Z,-0.25,negative,NewsAPI,,,
Will We See More Nuclear Proliferation?,https://www.project-syndicate.org/commentary/will-we-see-nuclear-proliferation-now-that-us-alliances-are-unraveling-by-joseph-s-nye-2025-05,Project Syndicate,2025-05-01T08:25:54Z,0.0,neutral,NewsAPI,,,
"Do Not Let Extremists 'Undermine What Remains' of Middle East Peace Process, Secretary-General Tells Security Council Open Debate",https://www.globalsecurity.org/military/library/news/2025/04/mil-250429-unsc02.htm,Globalsecurity.org,2025-05-01T08:12:56Z,0.7775,positive,NewsAPI,,,
Houthis Claim Attacks Caused Loss of U.S. Aircraft,https://www.newsweek.com/houthis-claim-attacks-caused-loss-us-aircraft-2066528,Newsweek,2025-05-01T07:59:49Z,-0.6369,negative,NewsAPI,,,
Modernizing the Unconventional Warfare Enterprise: The Case for Nonviolent Resistance,https://smallwarsjournal.com/2025/05/01/modernizing-the-unconventional-warfare/,Smallwarsjournal.com,2025-05-01T06:00:13Z,-0.296,negative,NewsAPI,,,
Conflict Scans - Guidance note for the conflict scan methodology: a quick and actionable approach to conflict analysis,https://api.reliefweb.int/v1/reports/916316?appname=conflict-tracker,ReliefWeb,2025-05-05T02:40:26.003531+00:00,-0.7096,negative,ReliefWeb,,,
Remarks of SRSG Patten International Day for the Elimination of Sexual Violence in Conflict: “Attacks against healthcare in conflict-affected areas: impacts for survivors of conflict-related sexual violence” 19 June 2024,https://api.reliefweb.int/v1/reports/4071561?appname=conflict-tracker,ReliefWeb,2025-05-05T02:40:26.003688+00:00,-0.7506,negative,ReliefWeb,,,
Security Council open debate on the protection of civilians in armed conflict: protection challenges and needs faced by women and girls in armed conflict and post-conflict settings - Concept note (S/2015/32),https://api.reliefweb.int/v1/reports/865406?appname=conflict-tracker,ReliefWeb,2025-05-05T02:40:26.003868+00:00,-0.2263,negative,ReliefWeb,,,
The Universities Network for Children and Armed Conflict 2021 International Award is Given to the Special Representative of the Secretary-General for Children and Armed Conflict as head of the Office of Children and Armed Conflict,https://api.reliefweb.int/v1/reports/3797607?appname=conflict-tracker,ReliefWeb,2025-05-05T02:40:26.004020+00:00,0.0772,neutral,ReliefWeb,,,
"Women's Roles in Conflict Prevention, Conflict Resolution and Post-Conflict Reconstruction",https://api.reliefweb.int/v1/reports/21813?appname=conflict-tracker,ReliefWeb,2025-05-05T02:40:26.004176+00:00,-0.5574,negative,ReliefWeb,,,
New Papers Explore How to Better Respond to Conflict-Related Sexual Violence Against Boys in Conflict,https://api.reliefweb.int/v1/reports/3915534?appname=conflict-tracker,ReliefWeb,2025-05-05T02:40:26.004244+00:00,-0.5423,negative,ReliefWeb,,,
"Special Representative of the UN Secretary-General for Children and Armed Conflict in Colombia, Welcomes Sustained Efforts to Protect Children from Conflict",https://api.reliefweb.int/v1/reports/3914130?appname=conflict-tracker,ReliefWeb,2025-05-05T02:40:26.004355+00:00,0.5267,positive,ReliefWeb,,,
Statement of SRSG-SVC Pramila Patten Security Council Open Debate on Conflict-Related Sexual Violence “Accountability as Prevention: Ending Cycles of Sexual Violence in Conflict” 13 April 2022,https://api.reliefweb.int/v1/reports/3838389?appname=conflict-tracker,ReliefWeb,2025-05-05T02:40:26.004483+00:00,-0.7783,negative,ReliefWeb,,,
Children affected by armed conflict even more vulnerable in these uncertain times – Message from the SRSG for Children and Armed Conflict,https://api.reliefweb.int/v1/reports/3582553?appname=conflict-tracker,ReliefWeb,2025-05-05T02:40:26.004665+00:00,-0.8221,negative,ReliefWeb,,,
"Statement by Ms. Virginia Gamba, Special Representative of the Secretary-General for Children and Armed Conflict Virtual Open Debate on Children and Armed Conflict 23 June 2020",https://api.reliefweb.int/v1/reports/3646872?appname=conflict-tracker,ReliefWeb,2025-05-05T02:40:26.004833+00:00,-0.2263,negative,ReliefWeb,,,
"Conflict, Stability and Security Fund: Sudan: Conflict Reduction and Stabilisation",https://api.reliefweb.int/v1/reports/3384363?appname=conflict-tracker,ReliefWeb,2025-05-05T02:40:26.004984+00:00,-0.296,negative,ReliefWeb,,,
"UN Special Representative on Sexual Violence in Conflict, Pramila Patten, Condemns the Use of Rape and Other Forms of Conflict-Related Sexual Violence Committed in Syria",https://api.reliefweb.int/v1/reports/2512784?appname=conflict-tracker,ReliefWeb,2025-05-05T02:40:26.005048+00:00,-0.9403,negative,ReliefWeb,34.8021,38.9968,Syria
Myanmar: UN Special Representative for Children and Armed Conflict Engages with Myanmar on Better Protecting Children Affected by Armed Conflict,https://api.reliefweb.int/v1/reports/2627184?appname=conflict-tracker,ReliefWeb,2025-05-05T02:40:26.005213+00:00,0.34,positive,ReliefWeb,,,
SRSG for Children and Armed Conflict Calls on All Parties to Conflict to Strengthen Efforts to Protect Children in Sudan [EN/AR],https://api.reliefweb.int/v1/reports/2490304?appname=conflict-tracker,ReliefWeb,2025-05-05T02:40:26.005340+00:00,0.4588,positive,ReliefWeb,,,
"Children bear brunt of conflict in Afghanistan, says third country report on children and armed conflict",https://api.reliefweb.int/v1/reports/1055901?appname=conflict-tracker,ReliefWeb,2025-05-05T02:40:26.005466+00:00,-0.5574,negative,ReliefWeb,,,
Hamas ‘loses contact’ with group holding captive after Israeli strike,https://www.aljazeera.com/news/liveblog/2025/4/15/live-israel-hamas-say-negotiations-underway-as-israel-attacks-gaza-tents,Al Jazeera,,-0.128,neutral,scraped,31.0461,34.8516,Israel
Trump issues Harvard tax threat after university defies demands,https://www.aljazeera.com/news/liveblog/2025/4/15/trump-live-china-accuses-us-spies-of-cyberattacks-as-tariff-war-flares,Al Jazeera,,-0.5267,negative,scraped,,,
LIVE: Borussia Dortmund vs Barcelona – UEFA Champions League quarterfinal,https://www.aljazeera.com/sports/liveblog/2025/4/15/live-borussia-dortmund-vs-barcelona-uefa-champions-league-quarterfinal,Al Jazeera,,0.5267,positive,scraped,,,
Harvard’s $2.3bn gamble: What Trump demanded; how the university resisted,https://www.aljazeera.com/news/2025/4/15/harvards-2-3bn-gamble-what-trump-demanded-how-the-university-resisted,Al Jazeera,,-0.2263,negative,scraped,,,
Trump-China trade war: Which US companies could be worst hit,https://www.aljazeera.com/news/2025/4/15/trump-china-trade-war-which-us-companies-could-be-worst-hit,Al Jazeera,,-0.8402,negative,scraped,,,
"Iran ‘must stop and eliminate’ nuclear enrichment, says US envoy Witkoff",https://www.aljazeera.com/news/2025/4/15/iran-must-stop-and-eliminate-nuclear-enrichment-says-us-envoy-witkoff,Al Jazeera,,-0.296,negative,scraped,32.4279,53.688,Iran
Russian spy chief threatens Poland and Baltic States,https://www.aljazeera.com/news/2025/4/15/russian-spy-chief-threatens-poland-and-baltic-states,Al Jazeera,,-0.3818,negative,scraped,,,
Did US courts back Kilmar Abrego Garcia’s El Salvador deportation?,https://www.aljazeera.com/news/2025/4/15/did-us-courts-back-kilmar-abrego-garcias-el-salvador-deportation,Al Jazeera,,0.0,neutral,scraped,,,
Russia’s Putin open to Ukraine peace deal: US envoy,https://www.aljazeera.com/news/2025/4/15/us-envoy-witkoff-says-putin-open-to-permanent-peace-with-ukraine,Al Jazeera,,0.5423,positive,scraped,,,
"Why bonds, not stocks, could predict the next economic crisis in the US",https://www.aljazeera.com/economy/2025/4/15/why-bonds-not-stocks-could-predict-the-next-economic-crisis-in-the-us,Al Jazeera,,-0.6249,negative,scraped,,,
